Commune A;Commune B;Distance
SAINT-QUENTIN;NARBONNE;52
SAINT-QUENTIN;BESANCON;60
SAINT-QUENTIN;BEZIERS;24
SAINT-QUENTIN;MONTPELLIER;66
SAINT-QUENTIN;CHOLET;88
SAINT-QUENTIN;ANGERS;90
SAINT-QUENTIN;REIMS;99
SAINT-QUENTIN;ROUBAIX;94
SAINT-QUENTIN;VILLENEUVE-D'ASCQ;93
SAINT-QUENTIN;LILLE;90
SAINT-QUENTIN;TOURCOING;97
SAINT-QUENTIN;ANNECY;88
SAINT-QUENTIN;NIORT;54
SAINT-QUENTIN;POITIERS;54
SAINT-QUENTIN;TAMPON;87
GRASSE;ANTIBES;23
GRASSE;CANNES;14
GRASSE;NICE;37
GRASSE;BOURGES;26
GRASSE;EVREUX;82
GRASSE;QUIMPER;95
GRASSE;TOULOUSE;88
GRASSE;ORLEANS;91
GRASSE;ROUEN;61
GRASSE;LE HAVRE;71
GRASSE;MONTAUBAN;81
GRASSE;FREJUS;29
GRASSE;FORT-DE-FRANCE;87
GRASSE;SAINT-LOUIS;77
GRASSE;MAMOUDZOU;68
ANTIBES;CANNES;11
ANTIBES;NICE;16
ANTIBES;BOURGES;29
ANTIBES;EVREUX;60
ANTIBES;QUIMPER;85
ANTIBES;BREST;87
ANTIBES;TOULOUSE;66
ANTIBES;ORLEANS;74
ANTIBES;CALAIS;98
ANTIBES;STRASBOURG;79
ANTIBES;ROUEN;38
ANTIBES;LE HAVRE;85
ANTIBES;MONTAUBAN;60
ANTIBES;FREJUS;44
ANTIBES;FORT-DE-FRANCE;66
ANTIBES;MAMOUDZOU;47
CANNES;NICE;28
CANNES;BOURGES;32
CANNES;EVREUX;67
CANNES;QUIMPER;94
CANNES;BREST;98
CANNES;TOULOUSE;77
CANNES;ORLEANS;86
CANNES;STRASBOURG;89
CANNES;ROUEN;46
CANNES;LE HAVRE;74
CANNES;MONTAUBAN;71
CANNES;FREJUS;32
CANNES;FORT-DE-FRANCE;72
CANNES;SAINT-DENIS;97
CANNES;SAINT-LOUIS;92
CANNES;MAMOUDZOU;58
NICE;BOURGES;30
NICE;EVREUX;54
NICE;QUIMPER;70
NICE;BREST;70
NICE;TOULOUSE;51
NICE;ORLEANS;58
NICE;CALAIS;86
NICE;STRASBOURG;66
NICE;COLMAR;97
NICE;ROUEN;33
NICE;MONTAUBAN;44
NICE;FREJUS;61
NICE;LIMOGES;90
NICE;FORT-DE-FRANCE;62
NICE;MAMOUDZOU;31
TROYES;ARLES;71
TROYES;LA ROCHELLE;58
TROYES;DIJON;92
TROYES;VALENCE;49
TROYES;NIMES;87
TROYES;BORDEAUX;48
TROYES;PESSAC;45
TROYES;MERIGNAC;42
TROYES;RENNES;57
TROYES;GRENOBLE;41
TROYES;NANTES;71
TROYES;SAINT-NAZAIRE;64
TROYES;REIMS;62
TROYES;VANNES;80
TROYES;VENISSIEUX;54
TROYES;LYON;58
TROYES;VILLEURBANNE;55
TROYES;CHAMBERY;74
TROYES;AVIGNON;66
TROYES;LA ROCHE-SUR-YON;70
TROYES;CAYENNE;93
TROYES;SAINT-ANDRE;64
TROYES;SAINT-PAUL;43
TROYES;SAINT-PIERRE;84
TROYES;TAMPON;72
NARBONNE;BEZIERS;33
NARBONNE;PERPIGNAN;55
NARBONNE;CHAMBERY;99
NARBONNE;ANNECY;58
NARBONNE;PARIS;93
NARBONNE;CHELLES;74
NARBONNE;MEAUX;58
NARBONNE;NIORT;67
NARBONNE;AMIENS;87
NARBONNE;POITIERS;35
NARBONNE;NEUILLY-SUR-SEINE;97
NARBONNE;LEVALLOIS-PERRET;95
NARBONNE;ASNIERES-SUR-SEINE;94
NARBONNE;COLOMBES;97
NARBONNE;COURBEVOIE;98
NARBONNE;CLICHY;94
NARBONNE;MONTREUIL;86
NARBONNE;AULNAY-SOUS-BOIS;75
NARBONNE;SAINT-DENIS;87
NARBONNE;NOISY-LE-GRAND;79
NARBONNE;AUBERVILLIERS;86
NARBONNE;PANTIN;86
NARBONNE;BONDY;81
NARBONNE;EPINAY-SUR-SEINE;90
NARBONNE;DRANCY;80
NARBONNE;LE BLANC-MESNIL;80
NARBONNE;FONTENAY-SOUS-BOIS;84
NARBONNE;SAINT-MAUR-DES-FOSSES;87
NARBONNE;VILLEJUIF;95
NARBONNE;VITRY-SUR-SEINE;94
NARBONNE;CHAMPIGNY-SUR-MARNE;84
NARBONNE;IVRY-SUR-SEINE;93
NARBONNE;MAISONS-ALFORT;91
NARBONNE;CRETEIL;90
NARBONNE;ARGENTEUIL;95
NARBONNE;SARCELLES;82
NARBONNE;TAMPON;97
AIX-EN-PROVENCE;MARSEILLE;17
AIX-EN-PROVENCE;ARLES;88
AIX-EN-PROVENCE;CAEN;79
AIX-EN-PROVENCE;VALENCE;78
AIX-EN-PROVENCE;RENNES;78
AIX-EN-PROVENCE;SAINT-ETIENNE;75
AIX-EN-PROVENCE;NANTES;82
AIX-EN-PROVENCE;SAINT-NAZAIRE;42
AIX-EN-PROVENCE;PAU;57
AIX-EN-PROVENCE;VENISSIEUX;91
AIX-EN-PROVENCE;LYON;89
AIX-EN-PROVENCE;VILLEURBANNE;92
AIX-EN-PROVENCE;HYERES;85
AIX-EN-PROVENCE;TOULON;66
AIX-EN-PROVENCE;LA SEYNE-SUR-MER;62
AIX-EN-PROVENCE;AVIGNON;69
AIX-EN-PROVENCE;LA ROCHE-SUR-YON;95
AIX-EN-PROVENCE;CAYENNE;83
MARSEILLE;ARLES;82
MARSEILLE;CAEN;70
MARSEILLE;DIJON;98
MARSEILLE;VALENCE;77
MARSEILLE;RENNES;75
MARSEILLE;SAINT-ETIENNE;61
MARSEILLE;NANTES;75
MARSEILLE;SAINT-NAZAIRE;55
MARSEILLE;METZ;96
MARSEILLE;PAU;60
MARSEILLE;VENISSIEUX;88
MARSEILLE;LYON;85
MARSEILLE;VILLEURBANNE;89
MARSEILLE;HYERES;83
MARSEILLE;TOULON;63
MARSEILLE;LA SEYNE-SUR-MER;58
MARSEILLE;AVIGNON;64
MARSEILLE;LA ROCHE-SUR-YON;88
MARSEILLE;ABYMES;94
MARSEILLE;CAYENNE;71
ARLES;LA ROCHELLE;40
ARLES;DIJON;26
ARLES;VALENCE;24
ARLES;NIMES;31
ARLES;MONTPELLIER;83
ARLES;RENNES;17
ARLES;SAINT-ETIENNE;37
ARLES;NANTES;6
ARLES;SAINT-NAZAIRE;77
ARLES;CHOLET;67
ARLES;REIMS;68
ARLES;LAVAL;86
ARLES;VENISSIEUX;17
ARLES;LYON;12
ARLES;VILLEURBANNE;16
ARLES;AVIGNON;20
ARLES;LA ROCHE-SUR-YON;6
ARLES;CAYENNE;23
ARLES;SAINT-ANDRE;52
ARLES;SAINT-PAUL;60
ARLES;TAMPON;89
CAEN;NANCY;61
CAEN;METZ;26
CAEN;CLERMONT-FERRAND;53
CAEN;PAU;41
CAEN;LE HAVRE;63
CAEN;HYERES;30
CAEN;TOULON;22
CAEN;LA SEYNE-SUR-MER;21
CAEN;ABYMES;77
CAEN;SAINT-DENIS;92
LA ROCHELLE;DIJON;44
LA ROCHELLE;VALENCE;44
LA ROCHELLE;NIMES;34
LA ROCHELLE;MONTPELLIER;57
LA ROCHELLE;RENNES;44
LA ROCHELLE;GRENOBLE;92
LA ROCHELLE;SAINT-ETIENNE;75
LA ROCHELLE;NANTES;45
LA ROCHELLE;SAINT-NAZAIRE;98
LA ROCHELLE;CHOLET;58
LA ROCHELLE;REIMS;28
LA ROCHELLE;VENISSIEUX;31
LA ROCHELLE;LYON;34
LA ROCHELLE;VILLEURBANNE;30
LA ROCHELLE;CHAMBERY;98
LA ROCHELLE;NIORT;76
LA ROCHELLE;AVIGNON;54
LA ROCHELLE;LA ROCHE-SUR-YON;34
LA ROCHELLE;CAYENNE;61
LA ROCHELLE;SAINT-ANDRE;13
LA ROCHELLE;SAINT-PAUL;24
LA ROCHELLE;TAMPON;49
BOURGES;EVREUX;84
BOURGES;QUIMPER;69
BOURGES;BREST;88
BOURGES;TOULOUSE;77
BOURGES;ORLEANS;71
BOURGES;LORIENT;85
BOURGES;STRASBOURG;93
BOURGES;ROUEN;63
BOURGES;LE HAVRE;97
BOURGES;MONTAUBAN;67
BOURGES;FREJUS;56
BOURGES;AJACCIO;92
BOURGES;FORT-DE-FRANCE;92
BOURGES;SAINT-LOUIS;82
BOURGES;MAMOUDZOU;57
DIJON;VALENCE;50
DIJON;NIMES;13
DIJON;MONTPELLIER;65
DIJON;RENNES;43
DIJON;SAINT-ETIENNE;39
DIJON;NANTES;31
DIJON;CHOLET;44
DIJON;ANGERS;80
DIJON;REIMS;69
DIJON;LAVAL;67
DIJON;VENISSIEUX;39
DIJON;LYON;36
DIJON;VILLEURBANNE;38
DIJON;AVIGNON;45
DIJON;LA ROCHE-SUR-YON;23
DIJON;ABYMES;96
DIJON;CAYENNE;26
DIJON;SAINT-ANDRE;52
DIJON;SAINT-PAUL;68
DIJON;TAMPON;88
BESANCON;BEZIERS;84
BESANCON;MONTPELLIER;73
BESANCON;CHOLET;72
BESANCON;ANGERS;39
BESANCON;LAVAL;96
BESANCON;ROUBAIX;42
BESANCON;VILLENEUVE-D'ASCQ;42
BESANCON;LILLE;44
BESANCON;TOURCOING;44
BESANCON;LE MANS;96
BESANCON;NIORT;99
BESANCON;POITIERS;97
VALENCE;NIMES;52
VALENCE;BORDEAUX;90
VALENCE;PESSAC;85
VALENCE;MERIGNAC;83
VALENCE;MONTPELLIER;98
VALENCE;RENNES;8
VALENCE;GRENOBLE;91
VALENCE;SAINT-ETIENNE;53
VALENCE;NANTES;22
VALENCE;SAINT-NAZAIRE;56
VALENCE;CHOLET;88
VALENCE;REIMS;69
VALENCE;VENISSIEUX;14
VALENCE;LYON;15
VALENCE;VILLEURBANNE;16
VALENCE;AVIGNON;17
VALENCE;LA ROCHE-SUR-YON;27
VALENCE;CAYENNE;44
VALENCE;SAINT-ANDRE;57
VALENCE;SAINT-PAUL;54
VALENCE;TAMPON;88
EVREUX;QUIMPER;99
EVREUX;BREST;69
EVREUX;TOULOUSE;38
EVREUX;ORLEANS;70
EVREUX;DUNKERQUE;77
EVREUX;CALAIS;45
EVREUX;STRASBOURG;36
EVREUX;COLMAR;44
EVREUX;MULHOUSE;61
EVREUX;ROUEN;21
EVREUX;MONTAUBAN;45
EVREUX;FREJUS;91
EVREUX;LIMOGES;82
EVREUX;FORT-DE-FRANCE;10
EVREUX;SAINT-DENIS;82
EVREUX;MAMOUDZOU;41
QUIMPER;BREST;45
QUIMPER;TOULOUSE;64
QUIMPER;ORLEANS;31
QUIMPER;LORIENT;84
QUIMPER;BEAUVAIS;80
QUIMPER;CALAIS;96
QUIMPER;STRASBOURG;77
QUIMPER;PARIS;62
QUIMPER;ROUEN;90
QUIMPER;CHELLES;82
QUIMPER;SARTROUVILLE;59
QUIMPER;VERSAILLES;48
QUIMPER;MONTAUBAN;54
QUIMPER;LIMOGES;55
QUIMPER;EVRY;55
QUIMPER;NEUILLY-SUR-SEINE;59
QUIMPER;CLAMART;53
QUIMPER;ISSY-LES-MOULINEAUX;54
QUIMPER;RUEIL-MALMAISON;55
QUIMPER;ANTONY;52
QUIMPER;LEVALLOIS-PERRET;61
QUIMPER;BOULOGNE-BILLANCOURT;55
QUIMPER;ASNIERES-SUR-SEINE;61
QUIMPER;COLOMBES;60
QUIMPER;COURBEVOIE;59
QUIMPER;CLICHY;62
QUIMPER;NANTERRE;56
QUIMPER;MONTREUIL;68
QUIMPER;AULNAY-SOUS-BOIS;80
QUIMPER;SAINT-DENIS;67
QUIMPER;NOISY-LE-GRAND;78
QUIMPER;AUBERVILLIERS;68
QUIMPER;PANTIN;68
QUIMPER;BONDY;73
QUIMPER;EPINAY-SUR-SEINE;65
QUIMPER;DRANCY;74
QUIMPER;LE BLANC-MESNIL;74
QUIMPER;FONTENAY-SOUS-BOIS;71
QUIMPER;SAINT-MAUR-DES-FOSSES;69
QUIMPER;VILLEJUIF;59
QUIMPER;VITRY-SUR-SEINE;61
QUIMPER;CHAMPIGNY-SUR-MARNE;71
QUIMPER;IVRY-SUR-SEINE;61
QUIMPER;MAISONS-ALFORT;64
QUIMPER;CRETEIL;65
QUIMPER;CERGY;59
QUIMPER;ARGENTEUIL;62
QUIMPER;SARCELLES;73
QUIMPER;AJACCIO;33
QUIMPER;MAMOUDZOU;59
BREST;TOULOUSE;30
BREST;ORLEANS;18
BREST;BEAUVAIS;48
BREST;CALAIS;52
BREST;STRASBOURG;36
BREST;COLMAR;78
BREST;MULHOUSE;79
BREST;PARIS;63
BREST;ROUEN;70
BREST;CHELLES;92
BREST;SARTROUVILLE;48
BREST;VERSAILLES;40
BREST;AMIENS;82
BREST;MONTAUBAN;28
BREST;LIMOGES;20
BREST;EVRY;73
BREST;NEUILLY-SUR-SEINE;55
BREST;CLAMART;54
BREST;ISSY-LES-MOULINEAUX;54
BREST;RUEIL-MALMAISON;48
BREST;ANTONY;57
BREST;LEVALLOIS-PERRET;57
BREST;BOULOGNE-BILLANCOURT;53
BREST;ASNIERES-SUR-SEINE;58
BREST;COLOMBES;54
BREST;COURBEVOIE;54
BREST;CLICHY;59
BREST;NANTERRE;48
BREST;MONTREUIL;73
BREST;AULNAY-SOUS-BOIS;84
BREST;SAINT-DENIS;66
BREST;NOISY-LE-GRAND;88
BREST;AUBERVILLIERS;69
BREST;PANTIN;70
BREST;BONDY;77
BREST;EPINAY-SUR-SEINE;61
BREST;DRANCY;76
BREST;LE BLANC-MESNIL;76
BREST;FONTENAY-SOUS-BOIS;79
BREST;SAINT-MAUR-DES-FOSSES;80
BREST;VILLEJUIF;65
BREST;VITRY-SUR-SEINE;69
BREST;CHAMPIGNY-SUR-MARNE;82
BREST;IVRY-SUR-SEINE;67
BREST;MAISONS-ALFORT;72
BREST;CRETEIL;76
BREST;CERGY;37
BREST;ARGENTEUIL;55
BREST;SARCELLES;70
BREST;AJACCIO;73
BREST;FORT-DE-FRANCE;77
BREST;MAMOUDZOU;41
NIMES;MONTPELLIER;53
NIMES;RENNES;47
NIMES;SAINT-ETIENNE;53
NIMES;NANTES;38
NIMES;CHOLET;36
NIMES;ANGERS;79
NIMES;REIMS;56
NIMES;LAVAL;77
NIMES;VENISSIEUX;39
NIMES;LYON;37
NIMES;VILLEURBANNE;37
NIMES;NIORT;92
NIMES;AVIGNON;51
NIMES;LA ROCHE-SUR-YON;26
NIMES;CAYENNE;39
NIMES;SAINT-ANDRE;39
NIMES;SAINT-PAUL;58
NIMES;TAMPON;75
TOULOUSE;ORLEANS;33
TOULOUSE;DUNKERQUE;95
TOULOUSE;BEAUVAIS;70
TOULOUSE;CALAIS;38
TOULOUSE;STRASBOURG;16
TOULOUSE;COLMAR;59
TOULOUSE;MULHOUSE;67
TOULOUSE;PARIS;94
TOULOUSE;ROUEN;40
TOULOUSE;SARTROUVILLE;78
TOULOUSE;VERSAILLES;70
TOULOUSE;AMIENS;96
TOULOUSE;MONTAUBAN;12
TOULOUSE;LIMOGES;46
TOULOUSE;NEUILLY-SUR-SEINE;86
TOULOUSE;CLAMART;85
TOULOUSE;ISSY-LES-MOULINEAUX;85
TOULOUSE;RUEIL-MALMAISON;79
TOULOUSE;ANTONY;88
TOULOUSE;LEVALLOIS-PERRET;88
TOULOUSE;BOULOGNE-BILLANCOURT;83
TOULOUSE;ASNIERES-SUR-SEINE;88
TOULOUSE;COLOMBES;84
TOULOUSE;COURBEVOIE;84
TOULOUSE;CLICHY;90
TOULOUSE;NANTERRE;79
TOULOUSE;SAINT-DENIS;97
TOULOUSE;AUBERVILLIERS;99
TOULOUSE;EPINAY-SUR-SEINE;91
TOULOUSE;VILLEJUIF;96
TOULOUSE;VITRY-SUR-SEINE;99
TOULOUSE;IVRY-SUR-SEINE;98
TOULOUSE;CERGY;66
TOULOUSE;ARGENTEUIL;85
TOULOUSE;AJACCIO;97
TOULOUSE;FORT-DE-FRANCE;47
TOULOUSE;MAMOUDZOU;20
BORDEAUX;PESSAC;6
BORDEAUX;MERIGNAC;7
BORDEAUX;RENNES;99
BORDEAUX;GRENOBLE;31
BORDEAUX;SAINT-NAZAIRE;68
BORDEAUX;LORIENT;91
BORDEAUX;VANNES;36
BORDEAUX;VENISSIEUX;99
BORDEAUX;CHAMBERY;76
BORDEAUX;SAINT-PAUL;90
BORDEAUX;SAINT-PIERRE;37
PESSAC;MERIGNAC;3
PESSAC;RENNES;93
PESSAC;GRENOBLE;34
PESSAC;SAINT-NAZAIRE;62
PESSAC;LORIENT;95
PESSAC;VANNES;36
PESSAC;VENISSIEUX;94
PESSAC;LYON;98
PESSAC;VILLEURBANNE;96
PESSAC;CHAMBERY;80
PESSAC;AVIGNON;98
PESSAC;SAINT-PAUL;87
PESSAC;SAINT-PIERRE;39
MERIGNAC;RENNES;91
MERIGNAC;GRENOBLE;31
MERIGNAC;SAINT-NAZAIRE;62
MERIGNAC;LORIENT;98
MERIGNAC;VANNES;40
MERIGNAC;VENISSIEUX;92
MERIGNAC;LYON;96
MERIGNAC;VILLEURBANNE;93
MERIGNAC;CHAMBERY;77
MERIGNAC;AVIGNON;97
MERIGNAC;SAINT-PAUL;84
MERIGNAC;SAINT-PIERRE;42
BEZIERS;MONTPELLIER;74
BEZIERS;REIMS;93
BEZIERS;PERPIGNAN;83
BEZIERS;ANNECY;65
BEZIERS;MEAUX;86
BEZIERS;NIORT;43
BEZIERS;POITIERS;50
BEZIERS;TAMPON;77
MONTPELLIER;RENNES;95
MONTPELLIER;NANTES;90
MONTPELLIER;CHOLET;29
MONTPELLIER;ANGERS;67
MONTPELLIER;REIMS;50
MONTPELLIER;VENISSIEUX;84
MONTPELLIER;LYON;84
MONTPELLIER;VILLEURBANNE;82
MONTPELLIER;NIORT;49
MONTPELLIER;LA ROCHE-SUR-YON;76
MONTPELLIER;CAYENNE;92
MONTPELLIER;SAINT-ANDRE;47
MONTPELLIER;SAINT-PAUL;67
MONTPELLIER;TAMPON;53
RENNES;GRENOBLE;99
RENNES;SAINT-ETIENNE;46
RENNES;NANTES;14
RENNES;SAINT-NAZAIRE;61
RENNES;CHOLET;83
RENNES;REIMS;71
RENNES;VENISSIEUX;12
RENNES;LYON;10
RENNES;VILLEURBANNE;13
RENNES;AVIGNON;11
RENNES;LA ROCHE-SUR-YON;21
RENNES;CAYENNE;35
RENNES;SAINT-ANDRE;57
RENNES;SAINT-PAUL;57
RENNES;TAMPON;91
TOURS;ROUBAIX;80
TOURS;VILLENEUVE-D'ASCQ;77
TOURS;LILLE;68
TOURS;TOURCOING;79
TOURS;DUNKERQUE;44
TOURS;BEAUVAIS;84
TOURS;CALAIS;72
TOURS;STRASBOURG;94
TOURS;COLMAR;64
TOURS;MULHOUSE;48
TOURS;LE MANS;81
TOURS;AMIENS;52
TOURS;POITIERS;85
TOURS;BELFORT;24
GRENOBLE;SAINT-NAZAIRE;89
GRENOBLE;REIMS;83
GRENOBLE;VANNES;65
GRENOBLE;VENISSIEUX;95
GRENOBLE;LYON;99
GRENOBLE;VILLEURBANNE;96
GRENOBLE;CHAMBERY;46
GRENOBLE;ANNECY;87
GRENOBLE;SAINT-ANDRE;92
GRENOBLE;SAINT-PAUL;70
GRENOBLE;SAINT-PIERRE;64
GRENOBLE;TAMPON;82
SAINT-ETIENNE;NANTES;34
SAINT-ETIENNE;SAINT-NAZAIRE;85
SAINT-ETIENNE;CHOLET;80
SAINT-ETIENNE;LAVAL;60
SAINT-ETIENNE;VENISSIEUX;53
SAINT-ETIENNE;LYON;48
SAINT-ETIENNE;VILLEURBANNE;53
SAINT-ETIENNE;AVIGNON;37
SAINT-ETIENNE;LA ROCHE-SUR-YON;42
SAINT-ETIENNE;ABYMES;73
SAINT-ETIENNE;CAYENNE;15
SAINT-ETIENNE;SAINT-ANDRE;87
SAINT-ETIENNE;SAINT-PAUL;97
NANTES;SAINT-NAZAIRE;72
NANTES;CHOLET;74
NANTES;REIMS;74
NANTES;LAVAL;87
NANTES;VENISSIEUX;19
NANTES;LYON;14
NANTES;VILLEURBANNE;18
NANTES;AVIGNON;13
NANTES;LA ROCHE-SUR-YON;13
NANTES;CAYENNE;22
NANTES;SAINT-ANDRE;58
NANTES;SAINT-PAUL;64
NANTES;TAMPON;94
SAINT-NAZAIRE;VANNES;69
SAINT-NAZAIRE;PAU;95
SAINT-NAZAIRE;VENISSIEUX;71
SAINT-NAZAIRE;LYON;71
SAINT-NAZAIRE;VILLEURBANNE;73
SAINT-NAZAIRE;AVIGNON;58
SAINT-NAZAIRE;LA ROCHE-SUR-YON;82
SAINT-NAZAIRE;CAYENNE;85
SAINT-NAZAIRE;SAINT-PAUL;99
SAINT-NAZAIRE;SAINT-PIERRE;77
ORLEANS;BEAUVAIS;65
ORLEANS;CALAIS;65
ORLEANS;STRASBOURG;46
ORLEANS;COLMAR;90
ORLEANS;MULHOUSE;94
ORLEANS;PARIS;69
ORLEANS;ROUEN;66
ORLEANS;CHELLES;96
ORLEANS;SARTROUVILLE;57
ORLEANS;VERSAILLES;47
ORLEANS;MONTAUBAN;25
ORLEANS;LIMOGES;36
ORLEANS;EVRY;73
ORLEANS;NEUILLY-SUR-SEINE;62
ORLEANS;CLAMART;59
ORLEANS;ISSY-LES-MOULINEAUX;60
ORLEANS;RUEIL-MALMAISON;56
ORLEANS;ANTONY;61
ORLEANS;LEVALLOIS-PERRET;65
ORLEANS;BOULOGNE-BILLANCOURT;59
ORLEANS;ASNIERES-SUR-SEINE;65
ORLEANS;COLOMBES;62
ORLEANS;COURBEVOIE;62
ORLEANS;CLICHY;66
ORLEANS;NANTERRE;57
ORLEANS;MONTREUIL;78
ORLEANS;AULNAY-SOUS-BOIS;90
ORLEANS;SAINT-DENIS;73
ORLEANS;NOISY-LE-GRAND;92
ORLEANS;AUBERVILLIERS;75
ORLEANS;PANTIN;76
ORLEANS;BONDY;83
ORLEANS;EPINAY-SUR-SEINE;69
ORLEANS;DRANCY;82
ORLEANS;LE BLANC-MESNIL;82
ORLEANS;FONTENAY-SOUS-BOIS;83
ORLEANS;SAINT-MAUR-DES-FOSSES;83
ORLEANS;VILLEJUIF;69
ORLEANS;VITRY-SUR-SEINE;72
ORLEANS;CHAMPIGNY-SUR-MARNE;85
ORLEANS;IVRY-SUR-SEINE;72
ORLEANS;MAISONS-ALFORT;76
ORLEANS;CRETEIL;79
ORLEANS;CERGY;50
ORLEANS;ARGENTEUIL;63
ORLEANS;SARCELLES;78
ORLEANS;AJACCIO;63
ORLEANS;FORT-DE-FRANCE;80
ORLEANS;MAMOUDZOU;34
CHOLET;ANGERS;49
CHOLET;REIMS;65
CHOLET;LAVAL;74
CHOLET;VENISSIEUX;74
CHOLET;LYON;73
CHOLET;VILLEURBANNE;73
CHOLET;NIORT;78
CHOLET;AVIGNON;87
CHOLET;LA ROCHE-SUR-YON;62
CHOLET;CAYENNE;69
CHOLET;SAINT-ANDRE;54
CHOLET;SAINT-PAUL;77
CHOLET;TAMPON;76
ANGERS;LAVAL;57
ANGERS;ROUBAIX;59
ANGERS;VILLENEUVE-D'ASCQ;61
ANGERS;LILLE;69
ANGERS;TOURCOING;61
ANGERS;ABYMES;90
ANGERS;CAYENNE;97
REIMS;VENISSIEUX;58
REIMS;LYON;62
REIMS;VILLEURBANNE;57
REIMS;CHAMBERY;76
REIMS;ANNECY;82
REIMS;NIORT;50
REIMS;AVIGNON;82
REIMS;LA ROCHE-SUR-YON;62
REIMS;CAYENNE;89
REIMS;SAINT-ANDRE;17
REIMS;SAINT-PAUL;19
REIMS;TAMPON;20
LAVAL;NANCY;96
LAVAL;ROUBAIX;96
LAVAL;VILLENEUVE-D'ASCQ;99
LAVAL;TOURCOING;97
LAVAL;LYON;99
LAVAL;AVIGNON;96
LAVAL;LA ROCHE-SUR-YON;87
LAVAL;ABYMES;37
LAVAL;CAYENNE;66
NANCY;METZ;49
NANCY;CLERMONT-FERRAND;31
NANCY;LE MANS;81
NANCY;LE HAVRE;93
NANCY;HYERES;79
NANCY;TOULON;82
NANCY;LA SEYNE-SUR-MER;82
NANCY;ABYMES;62
NANCY;SAINT-DENIS;57
LORIENT;VANNES;69
LORIENT;AJACCIO;68
LORIENT;SAINT-LOUIS;73
LORIENT;SAINT-PIERRE;61
VANNES;SAINT-LOUIS;73
VANNES;SAINT-PIERRE;8
METZ;CLERMONT-FERRAND;30
METZ;PAU;55
METZ;LE HAVRE;49
METZ;HYERES;29
METZ;FREJUS;89
METZ;TOULON;38
METZ;LA SEYNE-SUR-MER;41
METZ;ABYMES;88
METZ;SAINT-DENIS;66
ROUBAIX;VILLENEUVE-D'ASCQ;3
ROUBAIX;LILLE;13
ROUBAIX;TOURCOING;2
ROUBAIX;DUNKERQUE;95
ROUBAIX;LE MANS;54
ROUBAIX;BELFORT;68
VILLENEUVE-D'ASCQ;LILLE;10
VILLENEUVE-D'ASCQ;TOURCOING;3
VILLENEUVE-D'ASCQ;DUNKERQUE;93
VILLENEUVE-D'ASCQ;LE MANS;55
VILLENEUVE-D'ASCQ;BELFORT;65
LILLE;TOURCOING;13
LILLE;DUNKERQUE;87
LILLE;LE MANS;57
LILLE;BELFORT;58
TOURCOING;DUNKERQUE;93
TOURCOING;LE MANS;52
TOURCOING;BELFORT;66
DUNKERQUE;CALAIS;59
DUNKERQUE;STRASBOURG;79
DUNKERQUE;COLMAR;36
DUNKERQUE;MULHOUSE;32
DUNKERQUE;LE MANS;64
DUNKERQUE;ROUEN;98
DUNKERQUE;AMIENS;85
DUNKERQUE;BELFORT;31
DUNKERQUE;FORT-DE-FRANCE;70
DUNKERQUE;SAINT-DENIS;92
BEAUVAIS;CALAIS;61
BEAUVAIS;PERPIGNAN;96
BEAUVAIS;STRASBOURG;65
BEAUVAIS;COLMAR;85
BEAUVAIS;MULHOUSE;74
BEAUVAIS;PARIS;47
BEAUVAIS;CHELLES;70
BEAUVAIS;MEAUX;95
BEAUVAIS;SARTROUVILLE;30
BEAUVAIS;VERSAILLES;35
BEAUVAIS;AMIENS;38
BEAUVAIS;MONTAUBAN;74
BEAUVAIS;POITIERS;83
BEAUVAIS;LIMOGES;28
BEAUVAIS;EVRY;67
BEAUVAIS;NEUILLY-SUR-SEINE;39
BEAUVAIS;CLAMART;44
BEAUVAIS;ISSY-LES-MOULINEAUX;43
BEAUVAIS;RUEIL-MALMAISON;35
BEAUVAIS;ANTONY;49
BEAUVAIS;LEVALLOIS-PERRET;40
BEAUVAIS;BOULOGNE-BILLANCOURT;41
BEAUVAIS;ASNIERES-SUR-SEINE;39
BEAUVAIS;COLOMBES;36
BEAUVAIS;COURBEVOIE;37
BEAUVAIS;CLICHY;41
BEAUVAIS;NANTERRE;34
BEAUVAIS;MONTREUIL;54
BEAUVAIS;AULNAY-SOUS-BOIS;59
BEAUVAIS;SAINT-DENIS;44
BEAUVAIS;NOISY-LE-GRAND;68
BEAUVAIS;AUBERVILLIERS;47
BEAUVAIS;PANTIN;50
BEAUVAIS;BONDY;56
BEAUVAIS;EPINAY-SUR-SEINE;39
BEAUVAIS;DRANCY;53
BEAUVAIS;LE BLANC-MESNIL;53
BEAUVAIS;FONTENAY-SOUS-BOIS;60
BEAUVAIS;SAINT-MAUR-DES-FOSSES;64
BEAUVAIS;VILLEJUIF;52
BEAUVAIS;VITRY-SUR-SEINE;55
BEAUVAIS;CHAMPIGNY-SUR-MARNE;64
BEAUVAIS;IVRY-SUR-SEINE;52
BEAUVAIS;MAISONS-ALFORT;57
BEAUVAIS;CRETEIL;61
BEAUVAIS;CERGY;21
BEAUVAIS;ARGENTEUIL;34
BEAUVAIS;SARCELLES;44
BEAUVAIS;AJACCIO;91
BEAUVAIS;MAMOUDZOU;88
CALAIS;STRASBOURG;22
CALAIS;COLMAR;27
CALAIS;MULHOUSE;28
CALAIS;ROUEN;62
CALAIS;SARTROUVILLE;83
CALAIS;VERSAILLES;81
CALAIS;AMIENS;70
CALAIS;MONTAUBAN;50
CALAIS;LIMOGES;53
CALAIS;BELFORT;81
CALAIS;NEUILLY-SUR-SEINE;94
CALAIS;CLAMART;95
CALAIS;ISSY-LES-MOULINEAUX;95
CALAIS;RUEIL-MALMAISON;87
CALAIS;LEVALLOIS-PERRET;95
CALAIS;BOULOGNE-BILLANCOURT;93
CALAIS;ASNIERES-SUR-SEINE;95
CALAIS;COLOMBES;91
CALAIS;COURBEVOIE;92
CALAIS;CLICHY;97
CALAIS;NANTERRE;86
CALAIS;EPINAY-SUR-SEINE;97
CALAIS;CERGY;70
CALAIS;ARGENTEUIL;90
CALAIS;FORT-DE-FRANCE;47
CALAIS;MAMOUDZOU;58
CLERMONT-FERRAND;PAU;85
CLERMONT-FERRAND;LE HAVRE;64
CLERMONT-FERRAND;HYERES;58
CLERMONT-FERRAND;FREJUS;95
CLERMONT-FERRAND;TOULON;68
CLERMONT-FERRAND;LA SEYNE-SUR-MER;71
CLERMONT-FERRAND;ABYMES;88
CLERMONT-FERRAND;SAINT-DENIS;40
PAU;LE HAVRE;56
PAU;HYERES;29
PAU;FREJUS;92
PAU;TOULON;19
PAU;LA SEYNE-SUR-MER;20
PAU;SAINT-LOUIS;84
PERPIGNAN;CHAMBERY;73
PERPIGNAN;ANNECY;47
PERPIGNAN;PARIS;60
PERPIGNAN;CHELLES;32
PERPIGNAN;MEAUX;2
PERPIGNAN;SARTROUVILLE;77
PERPIGNAN;VERSAILLES;84
PERPIGNAN;NIORT;96
PERPIGNAN;POITIERS;80
PERPIGNAN;EVRY;58
PERPIGNAN;NEUILLY-SUR-SEINE;68
PERPIGNAN;CLAMART;70
PERPIGNAN;ISSY-LES-MOULINEAUX;69
PERPIGNAN;RUEIL-MALMAISON;76
PERPIGNAN;ANTONY;67
PERPIGNAN;LEVALLOIS-PERRET;66
PERPIGNAN;BOULOGNE-BILLANCOURT;71
PERPIGNAN;ASNIERES-SUR-SEINE;66
PERPIGNAN;COLOMBES;70
PERPIGNAN;COURBEVOIE;70
PERPIGNAN;CLICHY;65
PERPIGNAN;NANTERRE;76
PERPIGNAN;MONTREUIL;50
PERPIGNAN;AULNAY-SOUS-BOIS;40
PERPIGNAN;SAINT-DENIS;58
PERPIGNAN;NOISY-LE-GRAND;37
PERPIGNAN;AUBERVILLIERS;55
PERPIGNAN;PANTIN;54
PERPIGNAN;BONDY;46
PERPIGNAN;EPINAY-SUR-SEINE;63
PERPIGNAN;DRANCY;48
PERPIGNAN;LE BLANC-MESNIL;48
PERPIGNAN;FONTENAY-SOUS-BOIS;45
PERPIGNAN;SAINT-MAUR-DES-FOSSES;45
PERPIGNAN;VILLEJUIF;59
PERPIGNAN;VITRY-SUR-SEINE;56
PERPIGNAN;CHAMPIGNY-SUR-MARNE;43
PERPIGNAN;IVRY-SUR-SEINE;57
PERPIGNAN;MAISONS-ALFORT;52
PERPIGNAN;CRETEIL;49
PERPIGNAN;CERGY;90
PERPIGNAN;ARGENTEUIL;70
PERPIGNAN;SARCELLES;55
PERPIGNAN;AJACCIO;87
STRASBOURG;COLMAR;44
STRASBOURG;MULHOUSE;50
STRASBOURG;PARIS;97
STRASBOURG;ROUEN;47
STRASBOURG;SARTROUVILLE;78
STRASBOURG;VERSAILLES;73
STRASBOURG;AMIENS;84
STRASBOURG;MONTAUBAN;28
STRASBOURG;LIMOGES;46
STRASBOURG;NEUILLY-SUR-SEINE;88
STRASBOURG;CLAMART;88
STRASBOURG;ISSY-LES-MOULINEAUX;88
STRASBOURG;RUEIL-MALMAISON;81
STRASBOURG;ANTONY;92
STRASBOURG;LEVALLOIS-PERRET;90
STRASBOURG;BOULOGNE-BILLANCOURT;86
STRASBOURG;ASNIERES-SUR-SEINE;90
STRASBOURG;COLOMBES;86
STRASBOURG;COURBEVOIE;86
STRASBOURG;CLICHY;92
STRASBOURG;NANTERRE;80
STRASBOURG;SAINT-DENIS;98
STRASBOURG;EPINAY-SUR-SEINE;92
STRASBOURG;VILLEJUIF;99
STRASBOURG;CERGY;65
STRASBOURG;ARGENTEUIL;86
STRASBOURG;FORT-DE-FRANCE;43
STRASBOURG;MAMOUDZOU;36
COLMAR;MULHOUSE;18
COLMAR;LE MANS;98
COLMAR;ROUEN;66
COLMAR;AMIENS;82
COLMAR;MONTAUBAN;71
COLMAR;LIMOGES;80
COLMAR;BELFORT;63
COLMAR;CERGY;96
COLMAR;FORT-DE-FRANCE;40
COLMAR;SAINT-DENIS;93
COLMAR;MAMOUDZOU;74
MULHOUSE;LE MANS;96
MULHOUSE;ROUEN;81
MULHOUSE;AMIENS;66
MULHOUSE;MONTAUBAN;79
MULHOUSE;LIMOGES;76
MULHOUSE;BELFORT;52
MULHOUSE;CERGY;89
MULHOUSE;FORT-DE-FRANCE;58
MULHOUSE;MAMOUDZOU;85
VENISSIEUX;LYON;4
VENISSIEUX;VILLEURBANNE;1
VENISSIEUX;AVIGNON;23
VENISSIEUX;LA ROCHE-SUR-YON;16
VENISSIEUX;CAYENNE;40
VENISSIEUX;SAINT-ANDRE;44
VENISSIEUX;SAINT-PAUL;46
VENISSIEUX;TAMPON;78
LYON;VILLEURBANNE;4
LYON;AVIGNON;20
LYON;LA ROCHE-SUR-YON;12
LYON;CAYENNE;35
LYON;SAINT-ANDRE;47
LYON;SAINT-PAUL;50
LYON;TAMPON;82
VILLEURBANNE;AVIGNON;24
VILLEURBANNE;LA ROCHE-SUR-YON;15
VILLEURBANNE;CAYENNE;39
VILLEURBANNE;SAINT-ANDRE;43
VILLEURBANNE;SAINT-PAUL;45
VILLEURBANNE;TAMPON;77
LE MANS;BELFORT;56
LE MANS;SAINT-DENIS;91
CHAMBERY;ANNECY;41
CHAMBERY;MEAUX;74
CHAMBERY;NIORT;77
CHAMBERY;SAINT-ANDRE;92
CHAMBERY;SAINT-PAUL;74
CHAMBERY;TAMPON;63
ANNECY;CHELLES;80
ANNECY;MEAUX;50
ANNECY;NIORT;55
ANNECY;POITIERS;93
ANNECY;MONTREUIL;98
ANNECY;AULNAY-SOUS-BOIS;88
ANNECY;NOISY-LE-GRAND;84
ANNECY;BONDY;94
ANNECY;DRANCY;96
ANNECY;LE BLANC-MESNIL;96
ANNECY;FONTENAY-SOUS-BOIS;93
ANNECY;SAINT-MAUR-DES-FOSSES;93
ANNECY;CHAMPIGNY-SUR-MARNE;91
ANNECY;CRETEIL;97
ANNECY;SAINT-PAUL;91
ANNECY;TAMPON;63
PARIS;CHELLES;28
PARIS;MEAUX;58
PARIS;SARTROUVILLE;18
PARIS;VERSAILLES;23
PARIS;AMIENS;77
PARIS;MONTAUBAN;91
PARIS;POITIERS;94
PARIS;LIMOGES;50
PARIS;EVRY;21
PARIS;NEUILLY-SUR-SEINE;8
PARIS;CLAMART;9
PARIS;ISSY-LES-MOULINEAUX;9
PARIS;RUEIL-MALMAISON;16
PARIS;ANTONY;9
PARIS;LEVALLOIS-PERRET;7
PARIS;BOULOGNE-BILLANCOURT;10
PARIS;ASNIERES-SUR-SEINE;7
PARIS;COLOMBES;11
PARIS;COURBEVOIE;10
PARIS;CLICHY;5
PARIS;NANTERRE;16
PARIS;MONTREUIL;9
PARIS;AULNAY-SOUS-BOIS;20
PARIS;SAINT-DENIS;5
PARIS;NOISY-LE-GRAND;24
PARIS;AUBERVILLIERS;6
PARIS;PANTIN;6
PARIS;BONDY;13
PARIS;EPINAY-SUR-SEINE;7
PARIS;DRANCY;13
PARIS;LE BLANC-MESNIL;13
PARIS;FONTENAY-SOUS-BOIS;15
PARIS;SAINT-MAUR-DES-FOSSES;17
PARIS;VILLEJUIF;5
PARIS;VITRY-SUR-SEINE;8
PARIS;CHAMPIGNY-SUR-MARNE;19
PARIS;IVRY-SUR-SEINE;5
PARIS;MAISONS-ALFORT;11
PARIS;CRETEIL;14
PARIS;CERGY;32
PARIS;ARGENTEUIL;12
PARIS;SARCELLES;11
PARIS;AJACCIO;54
ROUEN;MONTAUBAN;42
ROUEN;FREJUS;73
ROUEN;LIMOGES;87
ROUEN;FORT-DE-FRANCE;28
ROUEN;SAINT-DENIS;86
ROUEN;MAMOUDZOU;31
LE HAVRE;HYERES;35
LE HAVRE;FREJUS;42
LE HAVRE;TOULON;54
LE HAVRE;LA SEYNE-SUR-MER;60
LE HAVRE;SAINT-DENIS;76
LE HAVRE;SAINT-LOUIS;86
CHELLES;MEAUX;30
CHELLES;SARTROUVILLE;46
CHELLES;VERSAILLES;52
CHELLES;AMIENS;90
CHELLES;POITIERS;87
CHELLES;LIMOGES;78
CHELLES;EVRY;28
CHELLES;NEUILLY-SUR-SEINE;37
CHELLES;CLAMART;37
CHELLES;ISSY-LES-MOULINEAUX;37
CHELLES;RUEIL-MALMAISON;44
CHELLES;ANTONY;35
CHELLES;LEVALLOIS-PERRET;35
CHELLES;BOULOGNE-BILLANCOURT;39
CHELLES;ASNIERES-SUR-SEINE;35
CHELLES;COLOMBES;38
CHELLES;COURBEVOIE;38
CHELLES;CLICHY;33
CHELLES;NANTERRE;44
CHELLES;MONTREUIL;18
CHELLES;AULNAY-SOUS-BOIS;11
CHELLES;SAINT-DENIS;27
CHELLES;NOISY-LE-GRAND;4
CHELLES;AUBERVILLIERS;24
CHELLES;PANTIN;22
CHELLES;BONDY;14
CHELLES;EPINAY-SUR-SEINE;32
CHELLES;DRANCY;17
CHELLES;LE BLANC-MESNIL;17
CHELLES;FONTENAY-SOUS-BOIS;13
CHELLES;SAINT-MAUR-DES-FOSSES;13
CHELLES;VILLEJUIF;26
CHELLES;VITRY-SUR-SEINE;23
CHELLES;CHAMPIGNY-SUR-MARNE;11
CHELLES;IVRY-SUR-SEINE;24
CHELLES;MAISONS-ALFORT;19
CHELLES;CRETEIL;17
CHELLES;CERGY;60
CHELLES;ARGENTEUIL;39
CHELLES;SARCELLES;26
CHELLES;AJACCIO;62
MEAUX;SARTROUVILLE;75
MEAUX;VERSAILLES;82
MEAUX;NIORT;98
MEAUX;POITIERS;82
MEAUX;EVRY;55
MEAUX;NEUILLY-SUR-SEINE;66
MEAUX;CLAMART;68
MEAUX;ISSY-LES-MOULINEAUX;67
MEAUX;RUEIL-MALMAISON;74
MEAUX;ANTONY;65
MEAUX;LEVALLOIS-PERRET;64
MEAUX;BOULOGNE-BILLANCOURT;69
MEAUX;ASNIERES-SUR-SEINE;64
MEAUX;COLOMBES;68
MEAUX;COURBEVOIE;68
MEAUX;CLICHY;63
MEAUX;NANTERRE;74
MEAUX;MONTREUIL;48
MEAUX;AULNAY-SOUS-BOIS;38
MEAUX;SAINT-DENIS;56
MEAUX;NOISY-LE-GRAND;34
MEAUX;AUBERVILLIERS;53
MEAUX;PANTIN;52
MEAUX;BONDY;44
MEAUX;EPINAY-SUR-SEINE;62
MEAUX;DRANCY;46
MEAUX;LE BLANC-MESNIL;46
MEAUX;FONTENAY-SOUS-BOIS;43
MEAUX;SAINT-MAUR-DES-FOSSES;43
MEAUX;VILLEJUIF;57
MEAUX;VITRY-SUR-SEINE;54
MEAUX;CHAMPIGNY-SUR-MARNE;41
MEAUX;IVRY-SUR-SEINE;55
MEAUX;MAISONS-ALFORT;50
MEAUX;CRETEIL;47
MEAUX;CERGY;89
MEAUX;ARGENTEUIL;68
MEAUX;SARCELLES;53
MEAUX;AJACCIO;85
SARTROUVILLE;VERSAILLES;10
SARTROUVILLE;AMIENS;65
SARTROUVILLE;MONTAUBAN;76
SARTROUVILLE;POITIERS;95
SARTROUVILLE;LIMOGES;32
SARTROUVILLE;EVRY;37
SARTROUVILLE;NEUILLY-SUR-SEINE;10
SARTROUVILLE;CLAMART;13
SARTROUVILLE;ISSY-LES-MOULINEAUX;12
SARTROUVILLE;RUEIL-MALMAISON;4
SARTROUVILLE;ANTONY;18
SARTROUVILLE;LEVALLOIS-PERRET;11
SARTROUVILLE;BOULOGNE-BILLANCOURT;10
SARTROUVILLE;ASNIERES-SUR-SEINE;11
SARTROUVILLE;COLOMBES;7
SARTROUVILLE;COURBEVOIE;8
SARTROUVILLE;CLICHY;13
SARTROUVILLE;NANTERRE;3
SARTROUVILLE;MONTREUIL;28
SARTROUVILLE;AULNAY-SOUS-BOIS;37
SARTROUVILLE;SAINT-DENIS;19
SARTROUVILLE;NOISY-LE-GRAND;43
SARTROUVILLE;AUBERVILLIERS;22
SARTROUVILLE;PANTIN;24
SARTROUVILLE;BONDY;31
SARTROUVILLE;EPINAY-SUR-SEINE;13
SARTROUVILLE;DRANCY;29
SARTROUVILLE;LE BLANC-MESNIL;29
SARTROUVILLE;FONTENAY-SOUS-BOIS;34
SARTROUVILLE;SAINT-MAUR-DES-FOSSES;36
SARTROUVILLE;VILLEJUIF;23
SARTROUVILLE;VITRY-SUR-SEINE;26
SARTROUVILLE;CHAMPIGNY-SUR-MARNE;38
SARTROUVILLE;IVRY-SUR-SEINE;24
SARTROUVILLE;MAISONS-ALFORT;29
SARTROUVILLE;CRETEIL;33
SARTROUVILLE;CERGY;13
SARTROUVILLE;ARGENTEUIL;7
SARTROUVILLE;SARCELLES;22
SARTROUVILLE;AJACCIO;62
SARTROUVILLE;MAMOUDZOU;89
VERSAILLES;AMIENS;72
VERSAILLES;MONTAUBAN;68
VERSAILLES;LIMOGES;28
VERSAILLES;EVRY;37
VERSAILLES;NEUILLY-SUR-SEINE;15
VERSAILLES;CLAMART;14
VERSAILLES;ISSY-LES-MOULINEAUX;14
VERSAILLES;RUEIL-MALMAISON;9
VERSAILLES;ANTONY;18
VERSAILLES;LEVALLOIS-PERRET;17
VERSAILLES;BOULOGNE-BILLANCOURT;13
VERSAILLES;ASNIERES-SUR-SEINE;18
VERSAILLES;COLOMBES;14
VERSAILLES;COURBEVOIE;14
VERSAILLES;CLICHY;19
VERSAILLES;NANTERRE;9
VERSAILLES;MONTREUIL;33
VERSAILLES;AULNAY-SOUS-BOIS;44
VERSAILLES;SAINT-DENIS;26
VERSAILLES;NOISY-LE-GRAND;48
VERSAILLES;AUBERVILLIERS;28
VERSAILLES;PANTIN;30
VERSAILLES;BONDY;37
VERSAILLES;EPINAY-SUR-SEINE;21
VERSAILLES;DRANCY;36
VERSAILLES;LE BLANC-MESNIL;36
VERSAILLES;FONTENAY-SOUS-BOIS;39
VERSAILLES;SAINT-MAUR-DES-FOSSES;40
VERSAILLES;VILLEJUIF;25
VERSAILLES;VITRY-SUR-SEINE;29
VERSAILLES;CHAMPIGNY-SUR-MARNE;42
VERSAILLES;IVRY-SUR-SEINE;27
VERSAILLES;MAISONS-ALFORT;33
VERSAILLES;CRETEIL;37
VERSAILLES;CERGY;14
VERSAILLES;ARGENTEUIL;16
VERSAILLES;SARCELLES;31
VERSAILLES;AJACCIO;55
VERSAILLES;MAMOUDZOU;80
NIORT;POITIERS;93
NIORT;SAINT-ANDRE;63
NIORT;SAINT-PAUL;68
NIORT;TAMPON;33
AMIENS;POITIERS;58
AMIENS;LIMOGES;64
AMIENS;BELFORT;77
AMIENS;EVRY;98
AMIENS;NEUILLY-SUR-SEINE;72
AMIENS;CLAMART;77
AMIENS;ISSY-LES-MOULINEAUX;76
AMIENS;RUEIL-MALMAISON;69
AMIENS;ANTONY;82
AMIENS;LEVALLOIS-PERRET;71
AMIENS;BOULOGNE-BILLANCOURT;74
AMIENS;ASNIERES-SUR-SEINE;70
AMIENS;COLOMBES;69
AMIENS;COURBEVOIE;70
AMIENS;CLICHY;72
AMIENS;NANTERRE;68
AMIENS;MONTREUIL;81
AMIENS;AULNAY-SOUS-BOIS;80
AMIENS;SAINT-DENIS;72
AMIENS;NOISY-LE-GRAND;90
AMIENS;AUBERVILLIERS;74
AMIENS;PANTIN;77
AMIENS;BONDY;80
AMIENS;EPINAY-SUR-SEINE;69
AMIENS;DRANCY;77
AMIENS;LE BLANC-MESNIL;77
AMIENS;FONTENAY-SOUS-BOIS;85
AMIENS;SAINT-MAUR-DES-FOSSES;90
AMIENS;VILLEJUIF;82
AMIENS;VITRY-SUR-SEINE;85
AMIENS;CHAMPIGNY-SUR-MARNE;90
AMIENS;IVRY-SUR-SEINE;82
AMIENS;MAISONS-ALFORT;86
AMIENS;CRETEIL;89
AMIENS;CERGY;59
AMIENS;ARGENTEUIL;66
AMIENS;SARCELLES;68
MONTAUBAN;LIMOGES;48
MONTAUBAN;EVRY;97
MONTAUBAN;NEUILLY-SUR-SEINE;84
MONTAUBAN;CLAMART;82
MONTAUBAN;ISSY-LES-MOULINEAUX;82
MONTAUBAN;RUEIL-MALMAISON;77
MONTAUBAN;ANTONY;84
MONTAUBAN;LEVALLOIS-PERRET;86
MONTAUBAN;BOULOGNE-BILLANCOURT;81
MONTAUBAN;ASNIERES-SUR-SEINE;86
MONTAUBAN;COLOMBES;83
MONTAUBAN;COURBEVOIE;82
MONTAUBAN;CLICHY;87
MONTAUBAN;NANTERRE;77
MONTAUBAN;SAINT-DENIS;94
MONTAUBAN;AUBERVILLIERS;97
MONTAUBAN;PANTIN;98
MONTAUBAN;EPINAY-SUR-SEINE;89
MONTAUBAN;VILLEJUIF;92
MONTAUBAN;VITRY-SUR-SEINE;95
MONTAUBAN;IVRY-SUR-SEINE;94
MONTAUBAN;MAISONS-ALFORT;99
MONTAUBAN;CERGY;66
MONTAUBAN;ARGENTEUIL;83
MONTAUBAN;SARCELLES;99
MONTAUBAN;AJACCIO;87
MONTAUBAN;FORT-DE-FRANCE;55
MONTAUBAN;MAMOUDZOU;13
HYERES;FREJUS;76
HYERES;TOULON;20
HYERES;LA SEYNE-SUR-MER;25
HYERES;SAINT-DENIS;88
HYERES;SAINT-LOUIS;97
FREJUS;TOULON;95
FREJUS;FORT-DE-FRANCE;92
FREJUS;SAINT-DENIS;87
FREJUS;SAINT-LOUIS;77
FREJUS;MAMOUDZOU;90
TOULON;LA SEYNE-SUR-MER;5
TOULON;ABYMES;97
LA SEYNE-SUR-MER;ABYMES;93
AVIGNON;LA ROCHE-SUR-YON;26
AVIGNON;CAYENNE;30
AVIGNON;SAINT-ANDRE;68
AVIGNON;SAINT-PAUL;69
LA ROCHE-SUR-YON;CAYENNE;27
LA ROCHE-SUR-YON;SAINT-ANDRE;46
LA ROCHE-SUR-YON;SAINT-PAUL;55
LA ROCHE-SUR-YON;TAMPON;83
POITIERS;NEUILLY-SUR-SEINE;95
POITIERS;ISSY-LES-MOULINEAUX;99
POITIERS;RUEIL-MALMAISON;98
POITIERS;LEVALLOIS-PERRET;93
POITIERS;BOULOGNE-BILLANCOURT;99
POITIERS;ASNIERES-SUR-SEINE;92
POITIERS;COLOMBES;93
POITIERS;COURBEVOIE;94
POITIERS;CLICHY;92
POITIERS;NANTERRE;97
POITIERS;MONTREUIL;91
POITIERS;AULNAY-SOUS-BOIS;82
POITIERS;SAINT-DENIS;88
POITIERS;NOISY-LE-GRAND;90
POITIERS;AUBERVILLIERS;88
POITIERS;PANTIN;89
POITIERS;BONDY;87
POITIERS;EPINAY-SUR-SEINE;88
POITIERS;DRANCY;85
POITIERS;LE BLANC-MESNIL;85
POITIERS;FONTENAY-SOUS-BOIS;91
POITIERS;SAINT-MAUR-DES-FOSSES;95
POITIERS;VILLEJUIF;98
POITIERS;VITRY-SUR-SEINE;98
POITIERS;CHAMPIGNY-SUR-MARNE;94
POITIERS;IVRY-SUR-SEINE;96
POITIERS;MAISONS-ALFORT;96
POITIERS;CRETEIL;97
POITIERS;CERGY;98
POITIERS;ARGENTEUIL;91
POITIERS;SARCELLES;82
LIMOGES;EVRY;65
LIMOGES;NEUILLY-SUR-SEINE;42
LIMOGES;CLAMART;42
LIMOGES;ISSY-LES-MOULINEAUX;42
LIMOGES;RUEIL-MALMAISON;34
LIMOGES;ANTONY;47
LIMOGES;LEVALLOIS-PERRET;43
LIMOGES;BOULOGNE-BILLANCOURT;40
LIMOGES;ASNIERES-SUR-SEINE;43
LIMOGES;COLOMBES;40
LIMOGES;COURBEVOIE;40
LIMOGES;CLICHY;45
LIMOGES;NANTERRE;34
LIMOGES;MONTREUIL;60
LIMOGES;AULNAY-SOUS-BOIS;69
LIMOGES;SAINT-DENIS;51
LIMOGES;NOISY-LE-GRAND;75
LIMOGES;AUBERVILLIERS;54
LIMOGES;PANTIN;56
LIMOGES;BONDY;64
LIMOGES;EPINAY-SUR-SEINE;46
LIMOGES;DRANCY;62
LIMOGES;LE BLANC-MESNIL;62
LIMOGES;FONTENAY-SOUS-BOIS;66
LIMOGES;SAINT-MAUR-DES-FOSSES;68
LIMOGES;VILLEJUIF;53
LIMOGES;VITRY-SUR-SEINE;57
LIMOGES;CHAMPIGNY-SUR-MARNE;70
LIMOGES;IVRY-SUR-SEINE;55
LIMOGES;MAISONS-ALFORT;61
LIMOGES;CRETEIL;64
LIMOGES;CERGY;19
LIMOGES;ARGENTEUIL;39
LIMOGES;SARCELLES;54
LIMOGES;AJACCIO;75
LIMOGES;FORT-DE-FRANCE;89
LIMOGES;MAMOUDZOU;61
EVRY;NEUILLY-SUR-SEINE;28
EVRY;CLAMART;24
EVRY;ISSY-LES-MOULINEAUX;24
EVRY;RUEIL-MALMAISON;33
EVRY;ANTONY;19
EVRY;LEVALLOIS-PERRET;28
EVRY;BOULOGNE-BILLANCOURT;27
EVRY;ASNIERES-SUR-SEINE;28
EVRY;COLOMBES;31
EVRY;COURBEVOIE;30
EVRY;CLICHY;26
EVRY;NANTERRE;34
EVRY;MONTREUIL;19
EVRY;AULNAY-SOUS-BOIS;28
EVRY;SAINT-DENIS;26
EVRY;NOISY-LE-GRAND;23
EVRY;AUBERVILLIERS;24
EVRY;PANTIN;22
EVRY;BONDY;23
EVRY;EPINAY-SUR-SEINE;29
EVRY;DRANCY;25
EVRY;LE BLANC-MESNIL;25
EVRY;FONTENAY-SOUS-BOIS;19
EVRY;SAINT-MAUR-DES-FOSSES;15
EVRY;VILLEJUIF;16
EVRY;VITRY-SUR-SEINE;13
EVRY;CHAMPIGNY-SUR-MARNE;17
EVRY;IVRY-SUR-SEINE;16
EVRY;MAISONS-ALFORT;14
EVRY;CRETEIL;13
EVRY;CERGY;50
EVRY;ARGENTEUIL;33
EVRY;SARCELLES;31
EVRY;AJACCIO;36
NEUILLY-SUR-SEINE;CLAMART;5
NEUILLY-SUR-SEINE;ISSY-LES-MOULINEAUX;4
NEUILLY-SUR-SEINE;RUEIL-MALMAISON;7
NEUILLY-SUR-SEINE;ANTONY;10
NEUILLY-SUR-SEINE;LEVALLOIS-PERRET;2
NEUILLY-SUR-SEINE;BOULOGNE-BILLANCOURT;3
NEUILLY-SUR-SEINE;ASNIERES-SUR-SEINE;2
NEUILLY-SUR-SEINE;COLOMBES;2
NEUILLY-SUR-SEINE;COURBEVOIE;1
NEUILLY-SUR-SEINE;CLICHY;3
NEUILLY-SUR-SEINE;NANTERRE;7
NEUILLY-SUR-SEINE;MONTREUIL;18
NEUILLY-SUR-SEINE;AULNAY-SOUS-BOIS;28
NEUILLY-SUR-SEINE;SAINT-DENIS;10
NEUILLY-SUR-SEINE;NOISY-LE-GRAND;33
NEUILLY-SUR-SEINE;AUBERVILLIERS;13
NEUILLY-SUR-SEINE;PANTIN;14
NEUILLY-SUR-SEINE;BONDY;22
NEUILLY-SUR-SEINE;EPINAY-SUR-SEINE;6
NEUILLY-SUR-SEINE;DRANCY;20
NEUILLY-SUR-SEINE;LE BLANC-MESNIL;20
NEUILLY-SUR-SEINE;FONTENAY-SOUS-BOIS;24
NEUILLY-SUR-SEINE;SAINT-MAUR-DES-FOSSES;26
NEUILLY-SUR-SEINE;VILLEJUIF;12
NEUILLY-SUR-SEINE;VITRY-SUR-SEINE;16
NEUILLY-SUR-SEINE;CHAMPIGNY-SUR-MARNE;28
NEUILLY-SUR-SEINE;IVRY-SUR-SEINE;13
NEUILLY-SUR-SEINE;MAISONS-ALFORT;19
NEUILLY-SUR-SEINE;CRETEIL;23
NEUILLY-SUR-SEINE;CERGY;24
NEUILLY-SUR-SEINE;ARGENTEUIL;5
NEUILLY-SUR-SEINE;SARCELLES;15
NEUILLY-SUR-SEINE;AJACCIO;56
NEUILLY-SUR-SEINE;MAMOUDZOU;96
CLAMART;ISSY-LES-MOULINEAUX;1
CLAMART;RUEIL-MALMAISON;9
CLAMART;ANTONY;5
CLAMART;LEVALLOIS-PERRET;7
CLAMART;BOULOGNE-BILLANCOURT;2
CLAMART;ASNIERES-SUR-SEINE;8
CLAMART;COLOMBES;8
CLAMART;COURBEVOIE;7
CLAMART;CLICHY;8
CLAMART;NANTERRE;10
CLAMART;MONTREUIL;19
CLAMART;AULNAY-SOUS-BOIS;30
CLAMART;SAINT-DENIS;14
CLAMART;NOISY-LE-GRAND;33
CLAMART;AUBERVILLIERS;15
CLAMART;PANTIN;16
CLAMART;BONDY;23
CLAMART;EPINAY-SUR-SEINE;11
CLAMART;DRANCY;22
CLAMART;LE BLANC-MESNIL;22
CLAMART;FONTENAY-SOUS-BOIS;24
CLAMART;SAINT-MAUR-DES-FOSSES;25
CLAMART;VILLEJUIF;11
CLAMART;VITRY-SUR-SEINE;14
CLAMART;CHAMPIGNY-SUR-MARNE;27
CLAMART;IVRY-SUR-SEINE;13
CLAMART;MAISONS-ALFORT;18
CLAMART;CRETEIL;22
CLAMART;CERGY;26
CLAMART;ARGENTEUIL;10
CLAMART;SARCELLES;19
CLAMART;AJACCIO;50
CLAMART;MAMOUDZOU;93
ISSY-LES-MOULINEAUX;RUEIL-MALMAISON;8
ISSY-LES-MOULINEAUX;ANTONY;6
ISSY-LES-MOULINEAUX;LEVALLOIS-PERRET;6
ISSY-LES-MOULINEAUX;BOULOGNE-BILLANCOURT;2
ISSY-LES-MOULINEAUX;ASNIERES-SUR-SEINE;7
ISSY-LES-MOULINEAUX;COLOMBES;7
ISSY-LES-MOULINEAUX;COURBEVOIE;5
ISSY-LES-MOULINEAUX;CLICHY;7
ISSY-LES-MOULINEAUX;NANTERRE;9
ISSY-LES-MOULINEAUX;MONTREUIL;18
ISSY-LES-MOULINEAUX;AULNAY-SOUS-BOIS;29
ISSY-LES-MOULINEAUX;SAINT-DENIS;13
ISSY-LES-MOULINEAUX;NOISY-LE-GRAND;33
ISSY-LES-MOULINEAUX;AUBERVILLIERS;15
ISSY-LES-MOULINEAUX;PANTIN;16
ISSY-LES-MOULINEAUX;BONDY;23
ISSY-LES-MOULINEAUX;EPINAY-SUR-SEINE;10
ISSY-LES-MOULINEAUX;DRANCY;22
ISSY-LES-MOULINEAUX;LE BLANC-MESNIL;22
ISSY-LES-MOULINEAUX;FONTENAY-SOUS-BOIS;24
ISSY-LES-MOULINEAUX;SAINT-MAUR-DES-FOSSES;25
ISSY-LES-MOULINEAUX;VILLEJUIF;11
ISSY-LES-MOULINEAUX;VITRY-SUR-SEINE;15
ISSY-LES-MOULINEAUX;CHAMPIGNY-SUR-MARNE;27
ISSY-LES-MOULINEAUX;IVRY-SUR-SEINE;12
ISSY-LES-MOULINEAUX;MAISONS-ALFORT;18
ISSY-LES-MOULINEAUX;CRETEIL;22
ISSY-LES-MOULINEAUX;CERGY;25
ISSY-LES-MOULINEAUX;ARGENTEUIL;9
ISSY-LES-MOULINEAUX;SARCELLES;19
ISSY-LES-MOULINEAUX;AJACCIO;51
ISSY-LES-MOULINEAUX;MAMOUDZOU;94
RUEIL-MALMAISON;ANTONY;14
RUEIL-MALMAISON;LEVALLOIS-PERRET;9
RUEIL-MALMAISON;BOULOGNE-BILLANCOURT;6
RUEIL-MALMAISON;ASNIERES-SUR-SEINE;9
RUEIL-MALMAISON;COLOMBES;5
RUEIL-MALMAISON;COURBEVOIE;5
RUEIL-MALMAISON;CLICHY;11
RUEIL-MALMAISON;NANTERRE;1
RUEIL-MALMAISON;MONTREUIL;25
RUEIL-MALMAISON;AULNAY-SOUS-BOIS;35
RUEIL-MALMAISON;SAINT-DENIS;17
RUEIL-MALMAISON;NOISY-LE-GRAND;40
RUEIL-MALMAISON;AUBERVILLIERS;20
RUEIL-MALMAISON;PANTIN;22
RUEIL-MALMAISON;BONDY;29
RUEIL-MALMAISON;EPINAY-SUR-SEINE;12
RUEIL-MALMAISON;DRANCY;28
RUEIL-MALMAISON;LE BLANC-MESNIL;28
RUEIL-MALMAISON;FONTENAY-SOUS-BOIS;31
RUEIL-MALMAISON;SAINT-MAUR-DES-FOSSES;33
RUEIL-MALMAISON;VILLEJUIF;19
RUEIL-MALMAISON;VITRY-SUR-SEINE;23
RUEIL-MALMAISON;CHAMPIGNY-SUR-MARNE;35
RUEIL-MALMAISON;IVRY-SUR-SEINE;20
RUEIL-MALMAISON;MAISONS-ALFORT;26
RUEIL-MALMAISON;CRETEIL;30
RUEIL-MALMAISON;CERGY;17
RUEIL-MALMAISON;ARGENTEUIL;7
RUEIL-MALMAISON;SARCELLES;22
RUEIL-MALMAISON;AJACCIO;57
RUEIL-MALMAISON;MAMOUDZOU;89
ANTONY;LEVALLOIS-PERRET;11
ANTONY;BOULOGNE-BILLANCOURT;8
ANTONY;ASNIERES-SUR-SEINE;11
ANTONY;COLOMBES;13
ANTONY;COURBEVOIE;11
ANTONY;CLICHY;11
ANTONY;NANTERRE;15
ANTONY;MONTREUIL;17
ANTONY;AULNAY-SOUS-BOIS;29
ANTONY;SAINT-DENIS;15
ANTONY;NOISY-LE-GRAND;30
ANTONY;AUBERVILLIERS;15
ANTONY;PANTIN;16
ANTONY;BONDY;22
ANTONY;EPINAY-SUR-SEINE;14
ANTONY;DRANCY;22
ANTONY;LE BLANC-MESNIL;22
ANTONY;FONTENAY-SOUS-BOIS;21
ANTONY;SAINT-MAUR-DES-FOSSES;22
ANTONY;VILLEJUIF;8
ANTONY;VITRY-SUR-SEINE;11
ANTONY;CHAMPIGNY-SUR-MARNE;24
ANTONY;IVRY-SUR-SEINE;10
ANTONY;MAISONS-ALFORT;15
ANTONY;CRETEIL;18
ANTONY;CERGY;31
ANTONY;ARGENTEUIL;15
ANTONY;SARCELLES;21
ANTONY;AJACCIO;46
ANTONY;MAMOUDZOU;95
LEVALLOIS-PERRET;BOULOGNE-BILLANCOURT;6
LEVALLOIS-PERRET;ASNIERES-SUR-SEINE;0
LEVALLOIS-PERRET;COLOMBES;3
LEVALLOIS-PERRET;COURBEVOIE;3
LEVALLOIS-PERRET;CLICHY;1
LEVALLOIS-PERRET;NANTERRE;9
LEVALLOIS-PERRET;MONTREUIL;16
LEVALLOIS-PERRET;AULNAY-SOUS-BOIS;26
LEVALLOIS-PERRET;SAINT-DENIS;8
LEVALLOIS-PERRET;NOISY-LE-GRAND;31
LEVALLOIS-PERRET;AUBERVILLIERS;11
LEVALLOIS-PERRET;PANTIN;12
LEVALLOIS-PERRET;BONDY;20
LEVALLOIS-PERRET;EPINAY-SUR-SEINE;4
LEVALLOIS-PERRET;DRANCY;18
LEVALLOIS-PERRET;LE BLANC-MESNIL;18
LEVALLOIS-PERRET;FONTENAY-SOUS-BOIS;22
LEVALLOIS-PERRET;SAINT-MAUR-DES-FOSSES;25
LEVALLOIS-PERRET;VILLEJUIF;11
LEVALLOIS-PERRET;VITRY-SUR-SEINE;15
LEVALLOIS-PERRET;CHAMPIGNY-SUR-MARNE;26
LEVALLOIS-PERRET;IVRY-SUR-SEINE;12
LEVALLOIS-PERRET;MAISONS-ALFORT;18
LEVALLOIS-PERRET;CRETEIL;22
LEVALLOIS-PERRET;CERGY;25
LEVALLOIS-PERRET;ARGENTEUIL;5
LEVALLOIS-PERRET;SARCELLES;13
LEVALLOIS-PERRET;AJACCIO;57
LEVALLOIS-PERRET;MAMOUDZOU;98
BOULOGNE-BILLANCOURT;ASNIERES-SUR-SEINE;6
BOULOGNE-BILLANCOURT;COLOMBES;5
BOULOGNE-BILLANCOURT;COURBEVOIE;4
BOULOGNE-BILLANCOURT;CLICHY;7
BOULOGNE-BILLANCOURT;NANTERRE;7
BOULOGNE-BILLANCOURT;MONTREUIL;20
BOULOGNE-BILLANCOURT;AULNAY-SOUS-BOIS;31
BOULOGNE-BILLANCOURT;SAINT-DENIS;14
BOULOGNE-BILLANCOURT;NOISY-LE-GRAND;35
BOULOGNE-BILLANCOURT;AUBERVILLIERS;16
BOULOGNE-BILLANCOURT;PANTIN;17
BOULOGNE-BILLANCOURT;BONDY;24
BOULOGNE-BILLANCOURT;EPINAY-SUR-SEINE;10
BOULOGNE-BILLANCOURT;DRANCY;23
BOULOGNE-BILLANCOURT;LE BLANC-MESNIL;23
BOULOGNE-BILLANCOURT;FONTENAY-SOUS-BOIS;25
BOULOGNE-BILLANCOURT;SAINT-MAUR-DES-FOSSES;27
BOULOGNE-BILLANCOURT;VILLEJUIF;13
BOULOGNE-BILLANCOURT;VITRY-SUR-SEINE;17
BOULOGNE-BILLANCOURT;CHAMPIGNY-SUR-MARNE;29
BOULOGNE-BILLANCOURT;IVRY-SUR-SEINE;14
BOULOGNE-BILLANCOURT;MAISONS-ALFORT;20
BOULOGNE-BILLANCOURT;CRETEIL;24
BOULOGNE-BILLANCOURT;CERGY;23
BOULOGNE-BILLANCOURT;ARGENTEUIL;8
BOULOGNE-BILLANCOURT;SARCELLES;19
BOULOGNE-BILLANCOURT;AJACCIO;53
BOULOGNE-BILLANCOURT;MAMOUDZOU;93
ASNIERES-SUR-SEINE;COLOMBES;3
ASNIERES-SUR-SEINE;COURBEVOIE;3
ASNIERES-SUR-SEINE;CLICHY;1
ASNIERES-SUR-SEINE;NANTERRE;9
ASNIERES-SUR-SEINE;MONTREUIL;16
ASNIERES-SUR-SEINE;AULNAY-SOUS-BOIS;25
ASNIERES-SUR-SEINE;SAINT-DENIS;8
ASNIERES-SUR-SEINE;NOISY-LE-GRAND;31
ASNIERES-SUR-SEINE;AUBERVILLIERS;10
ASNIERES-SUR-SEINE;PANTIN;12
ASNIERES-SUR-SEINE;BONDY;20
ASNIERES-SUR-SEINE;EPINAY-SUR-SEINE;3
ASNIERES-SUR-SEINE;DRANCY;18
ASNIERES-SUR-SEINE;LE BLANC-MESNIL;18
ASNIERES-SUR-SEINE;FONTENAY-SOUS-BOIS;22
ASNIERES-SUR-SEINE;SAINT-MAUR-DES-FOSSES;25
ASNIERES-SUR-SEINE;VILLEJUIF;12
ASNIERES-SUR-SEINE;VITRY-SUR-SEINE;16
ASNIERES-SUR-SEINE;CHAMPIGNY-SUR-MARNE;26
ASNIERES-SUR-SEINE;IVRY-SUR-SEINE;13
ASNIERES-SUR-SEINE;MAISONS-ALFORT;18
ASNIERES-SUR-SEINE;CRETEIL;22
ASNIERES-SUR-SEINE;CERGY;25
ASNIERES-SUR-SEINE;ARGENTEUIL;4
ASNIERES-SUR-SEINE;SARCELLES;12
ASNIERES-SUR-SEINE;AJACCIO;58
ASNIERES-SUR-SEINE;MAMOUDZOU;98
COLOMBES;COURBEVOIE;1
COLOMBES;CLICHY;5
COLOMBES;NANTERRE;5
COLOMBES;MONTREUIL;20
COLOMBES;AULNAY-SOUS-BOIS;29
COLOMBES;SAINT-DENIS;12
COLOMBES;NOISY-LE-GRAND;35
COLOMBES;AUBERVILLIERS;14
COLOMBES;PANTIN;16
COLOMBES;BONDY;24
COLOMBES;EPINAY-SUR-SEINE;6
COLOMBES;DRANCY;22
COLOMBES;LE BLANC-MESNIL;22
COLOMBES;FONTENAY-SOUS-BOIS;26
COLOMBES;SAINT-MAUR-DES-FOSSES;29
COLOMBES;VILLEJUIF;15
COLOMBES;VITRY-SUR-SEINE;19
COLOMBES;CHAMPIGNY-SUR-MARNE;30
COLOMBES;IVRY-SUR-SEINE;16
COLOMBES;MAISONS-ALFORT;22
COLOMBES;CRETEIL;26
COLOMBES;CERGY;21
COLOMBES;ARGENTEUIL;2
COLOMBES;SARCELLES;16
COLOMBES;AJACCIO;58
COLOMBES;MAMOUDZOU;95
COURBEVOIE;CLICHY;5
COURBEVOIE;NANTERRE;5
COURBEVOIE;MONTREUIL;20
COURBEVOIE;AULNAY-SOUS-BOIS;29
COURBEVOIE;SAINT-DENIS;12
COURBEVOIE;NOISY-LE-GRAND;35
COURBEVOIE;AUBERVILLIERS;14
COURBEVOIE;PANTIN;16
COURBEVOIE;BONDY;23
COURBEVOIE;EPINAY-SUR-SEINE;7
COURBEVOIE;DRANCY;22
COURBEVOIE;LE BLANC-MESNIL;22
COURBEVOIE;FONTENAY-SOUS-BOIS;25
COURBEVOIE;SAINT-MAUR-DES-FOSSES;28
COURBEVOIE;VILLEJUIF;14
COURBEVOIE;VITRY-SUR-SEINE;18
COURBEVOIE;CHAMPIGNY-SUR-MARNE;30
COURBEVOIE;IVRY-SUR-SEINE;15
COURBEVOIE;MAISONS-ALFORT;21
COURBEVOIE;CRETEIL;25
COURBEVOIE;CERGY;22
COURBEVOIE;ARGENTEUIL;3
COURBEVOIE;SARCELLES;16
COURBEVOIE;AJACCIO;57
COURBEVOIE;MAMOUDZOU;95
CLICHY;NANTERRE;11
CLICHY;MONTREUIL;15
CLICHY;AULNAY-SOUS-BOIS;24
CLICHY;SAINT-DENIS;6
CLICHY;NOISY-LE-GRAND;29
CLICHY;AUBERVILLIERS;9
CLICHY;PANTIN;11
CLICHY;BONDY;18
CLICHY;EPINAY-SUR-SEINE;3
CLICHY;DRANCY;16
CLICHY;LE BLANC-MESNIL;16
CLICHY;FONTENAY-SOUS-BOIS;20
CLICHY;SAINT-MAUR-DES-FOSSES;23
CLICHY;VILLEJUIF;10
CLICHY;VITRY-SUR-SEINE;14
CLICHY;CHAMPIGNY-SUR-MARNE;25
CLICHY;IVRY-SUR-SEINE;11
CLICHY;MAISONS-ALFORT;16
CLICHY;CRETEIL;20
CLICHY;CERGY;27
CLICHY;ARGENTEUIL;6
CLICHY;SARCELLES;12
CLICHY;AJACCIO;57
NANTERRE;MONTREUIL;26
NANTERRE;AULNAY-SOUS-BOIS;35
NANTERRE;SAINT-DENIS;17
NANTERRE;NOISY-LE-GRAND;40
NANTERRE;AUBERVILLIERS;20
NANTERRE;PANTIN;22
NANTERRE;BONDY;29
NANTERRE;EPINAY-SUR-SEINE;12
NANTERRE;DRANCY;27
NANTERRE;LE BLANC-MESNIL;27
NANTERRE;FONTENAY-SOUS-BOIS;31
NANTERRE;SAINT-MAUR-DES-FOSSES;34
NANTERRE;VILLEJUIF;19
NANTERRE;VITRY-SUR-SEINE;23
NANTERRE;CHAMPIGNY-SUR-MARNE;35
NANTERRE;IVRY-SUR-SEINE;21
NANTERRE;MAISONS-ALFORT;26
NANTERRE;CRETEIL;30
NANTERRE;CERGY;16
NANTERRE;ARGENTEUIL;6
NANTERRE;SARCELLES;21
NANTERRE;AJACCIO;58
NANTERRE;MAMOUDZOU;89
MONTREUIL;AULNAY-SOUS-BOIS;11
MONTREUIL;SAINT-DENIS;9
MONTREUIL;NOISY-LE-GRAND;14
MONTREUIL;AUBERVILLIERS;6
MONTREUIL;PANTIN;4
MONTREUIL;BONDY;4
MONTREUIL;EPINAY-SUR-SEINE;15
MONTREUIL;DRANCY;5
MONTREUIL;LE BLANC-MESNIL;5
MONTREUIL;FONTENAY-SOUS-BOIS;5
MONTREUIL;SAINT-MAUR-DES-FOSSES;9
MONTREUIL;VILLEJUIF;9
MONTREUIL;VITRY-SUR-SEINE;7
MONTREUIL;CHAMPIGNY-SUR-MARNE;10
MONTREUIL;IVRY-SUR-SEINE;6
MONTREUIL;MAISONS-ALFORT;5
MONTREUIL;CRETEIL;8
MONTREUIL;CERGY;42
MONTREUIL;ARGENTEUIL;21
MONTREUIL;SARCELLES;12
MONTREUIL;AJACCIO;55
AULNAY-SOUS-BOIS;SAINT-DENIS;17
AULNAY-SOUS-BOIS;NOISY-LE-GRAND;10
AULNAY-SOUS-BOIS;AUBERVILLIERS;15
AULNAY-SOUS-BOIS;PANTIN;13
AULNAY-SOUS-BOIS;BONDY;7
AULNAY-SOUS-BOIS;EPINAY-SUR-SEINE;23
AULNAY-SOUS-BOIS;DRANCY;7
AULNAY-SOUS-BOIS;LE BLANC-MESNIL;7
AULNAY-SOUS-BOIS;FONTENAY-SOUS-BOIS;9
AULNAY-SOUS-BOIS;SAINT-MAUR-DES-FOSSES;13
AULNAY-SOUS-BOIS;VILLEJUIF;20
AULNAY-SOUS-BOIS;VITRY-SUR-SEINE;19
AULNAY-SOUS-BOIS;CHAMPIGNY-SUR-MARNE;12
AULNAY-SOUS-BOIS;IVRY-SUR-SEINE;18
AULNAY-SOUS-BOIS;MAISONS-ALFORT;16
AULNAY-SOUS-BOIS;CRETEIL;15
AULNAY-SOUS-BOIS;CERGY;50
AULNAY-SOUS-BOIS;ARGENTEUIL;29
AULNAY-SOUS-BOIS;SARCELLES;15
AULNAY-SOUS-BOIS;AJACCIO;65
SAINT-DENIS;NOISY-LE-GRAND;24
SAINT-DENIS;AUBERVILLIERS;3
SAINT-DENIS;PANTIN;5
SAINT-DENIS;BONDY;12
SAINT-DENIS;EPINAY-SUR-SEINE;5
SAINT-DENIS;DRANCY;10
SAINT-DENIS;LE BLANC-MESNIL;10
SAINT-DENIS;FONTENAY-SOUS-BOIS;15
SAINT-DENIS;SAINT-MAUR-DES-FOSSES;19
SAINT-DENIS;VILLEJUIF;10
SAINT-DENIS;VITRY-SUR-SEINE;12
SAINT-DENIS;CHAMPIGNY-SUR-MARNE;20
SAINT-DENIS;IVRY-SUR-SEINE;9
SAINT-DENIS;MAISONS-ALFORT;13
SAINT-DENIS;CRETEIL;17
SAINT-DENIS;CERGY;33
SAINT-DENIS;ARGENTEUIL;12
SAINT-DENIS;SARCELLES;5
SAINT-DENIS;AJACCIO;59
NOISY-LE-GRAND;AUBERVILLIERS;21
NOISY-LE-GRAND;PANTIN;19
NOISY-LE-GRAND;BONDY;11
NOISY-LE-GRAND;EPINAY-SUR-SEINE;29
NOISY-LE-GRAND;DRANCY;14
NOISY-LE-GRAND;LE BLANC-MESNIL;14
NOISY-LE-GRAND;FONTENAY-SOUS-BOIS;9
NOISY-LE-GRAND;SAINT-MAUR-DES-FOSSES;8
NOISY-LE-GRAND;VILLEJUIF;22
NOISY-LE-GRAND;VITRY-SUR-SEINE;19
NOISY-LE-GRAND;CHAMPIGNY-SUR-MARNE;6
NOISY-LE-GRAND;IVRY-SUR-SEINE;20
NOISY-LE-GRAND;MAISONS-ALFORT;15
NOISY-LE-GRAND;CRETEIL;12
NOISY-LE-GRAND;CERGY;57
NOISY-LE-GRAND;ARGENTEUIL;36
NOISY-LE-GRAND;SARCELLES;24
NOISY-LE-GRAND;AJACCIO;58
AUBERVILLIERS;PANTIN;2
AUBERVILLIERS;BONDY;9
AUBERVILLIERS;EPINAY-SUR-SEINE;8
AUBERVILLIERS;DRANCY;7
AUBERVILLIERS;LE BLANC-MESNIL;7
AUBERVILLIERS;FONTENAY-SOUS-BOIS;12
AUBERVILLIERS;SAINT-MAUR-DES-FOSSES;16
AUBERVILLIERS;VILLEJUIF;9
AUBERVILLIERS;VITRY-SUR-SEINE;10
AUBERVILLIERS;CHAMPIGNY-SUR-MARNE;17
AUBERVILLIERS;IVRY-SUR-SEINE;8
AUBERVILLIERS;MAISONS-ALFORT;11
AUBERVILLIERS;CRETEIL;14
AUBERVILLIERS;CERGY;36
AUBERVILLIERS;ARGENTEUIL;15
AUBERVILLIERS;SARCELLES;6
AUBERVILLIERS;AJACCIO;58
PANTIN;BONDY;7
PANTIN;EPINAY-SUR-SEINE;10
PANTIN;DRANCY;6
PANTIN;LE BLANC-MESNIL;6
PANTIN;FONTENAY-SOUS-BOIS;10
PANTIN;SAINT-MAUR-DES-FOSSES;14
PANTIN;VILLEJUIF;8
PANTIN;VITRY-SUR-SEINE;9
PANTIN;CHAMPIGNY-SUR-MARNE;14
PANTIN;IVRY-SUR-SEINE;7
PANTIN;MAISONS-ALFORT;9
PANTIN;CRETEIL;12
PANTIN;CERGY;38
PANTIN;ARGENTEUIL;17
PANTIN;SARCELLES;8
PANTIN;AJACCIO;57
BONDY;EPINAY-SUR-SEINE;18
BONDY;DRANCY;3
BONDY;LE BLANC-MESNIL;3
BONDY;FONTENAY-SOUS-BOIS;4
BONDY;SAINT-MAUR-DES-FOSSES;9
BONDY;VILLEJUIF;13
BONDY;VITRY-SUR-SEINE;12
BONDY;CHAMPIGNY-SUR-MARNE;9
BONDY;IVRY-SUR-SEINE;11
BONDY;MAISONS-ALFORT;9
BONDY;CRETEIL;10
BONDY;CERGY;45
BONDY;ARGENTEUIL;24
BONDY;SARCELLES;12
BONDY;AJACCIO;59
EPINAY-SUR-SEINE;DRANCY;15
EPINAY-SUR-SEINE;LE BLANC-MESNIL;15
EPINAY-SUR-SEINE;FONTENAY-SOUS-BOIS;21
EPINAY-SUR-SEINE;SAINT-MAUR-DES-FOSSES;24
EPINAY-SUR-SEINE;VILLEJUIF;13
EPINAY-SUR-SEINE;VITRY-SUR-SEINE;16
EPINAY-SUR-SEINE;CHAMPIGNY-SUR-MARNE;25
EPINAY-SUR-SEINE;IVRY-SUR-SEINE;13
EPINAY-SUR-SEINE;MAISONS-ALFORT;18
EPINAY-SUR-SEINE;CRETEIL;22
EPINAY-SUR-SEINE;CERGY;27
EPINAY-SUR-SEINE;ARGENTEUIL;6
EPINAY-SUR-SEINE;SARCELLES;9
EPINAY-SUR-SEINE;AJACCIO;60
DRANCY;LE BLANC-MESNIL;0
DRANCY;FONTENAY-SOUS-BOIS;8
DRANCY;SAINT-MAUR-DES-FOSSES;12
DRANCY;VILLEJUIF;14
DRANCY;VITRY-SUR-SEINE;13
DRANCY;CHAMPIGNY-SUR-MARNE;12
DRANCY;IVRY-SUR-SEINE;12
DRANCY;MAISONS-ALFORT;11
DRANCY;CRETEIL;13
DRANCY;CERGY;43
DRANCY;ARGENTEUIL;22
DRANCY;SARCELLES;9
DRANCY;AJACCIO;61
LE BLANC-MESNIL;FONTENAY-SOUS-BOIS;8
LE BLANC-MESNIL;SAINT-MAUR-DES-FOSSES;12
LE BLANC-MESNIL;VILLEJUIF;14
LE BLANC-MESNIL;VITRY-SUR-SEINE;13
LE BLANC-MESNIL;CHAMPIGNY-SUR-MARNE;12
LE BLANC-MESNIL;IVRY-SUR-SEINE;12
LE BLANC-MESNIL;MAISONS-ALFORT;11
LE BLANC-MESNIL;CRETEIL;13
LE BLANC-MESNIL;CERGY;43
LE BLANC-MESNIL;ARGENTEUIL;22
LE BLANC-MESNIL;SARCELLES;9
LE BLANC-MESNIL;AJACCIO;61
FONTENAY-SOUS-BOIS;SAINT-MAUR-DES-FOSSES;4
FONTENAY-SOUS-BOIS;VILLEJUIF;13
FONTENAY-SOUS-BOIS;VITRY-SUR-SEINE;10
FONTENAY-SOUS-BOIS;CHAMPIGNY-SUR-MARNE;4
FONTENAY-SOUS-BOIS;IVRY-SUR-SEINE;11
FONTENAY-SOUS-BOIS;MAISONS-ALFORT;7
FONTENAY-SOUS-BOIS;CRETEIL;6
FONTENAY-SOUS-BOIS;CERGY;48
FONTENAY-SOUS-BOIS;ARGENTEUIL;27
FONTENAY-SOUS-BOIS;SARCELLES;16
FONTENAY-SOUS-BOIS;AJACCIO;55
SAINT-MAUR-DES-FOSSES;VILLEJUIF;14
SAINT-MAUR-DES-FOSSES;VITRY-SUR-SEINE;11
SAINT-MAUR-DES-FOSSES;CHAMPIGNY-SUR-MARNE;2
SAINT-MAUR-DES-FOSSES;IVRY-SUR-SEINE;13
SAINT-MAUR-DES-FOSSES;MAISONS-ALFORT;7
SAINT-MAUR-DES-FOSSES;CRETEIL;3
SAINT-MAUR-DES-FOSSES;CERGY;50
SAINT-MAUR-DES-FOSSES;ARGENTEUIL;30
SAINT-MAUR-DES-FOSSES;SARCELLES;21
SAINT-MAUR-DES-FOSSES;AJACCIO;51
VILLEJUIF;VITRY-SUR-SEINE;3
VILLEJUIF;CHAMPIGNY-SUR-MARNE;16
VILLEJUIF;IVRY-SUR-SEINE;2
VILLEJUIF;MAISONS-ALFORT;7
VILLEJUIF;CRETEIL;11
VILLEJUIF;CERGY;36
VILLEJUIF;ARGENTEUIL;17
VILLEJUIF;SARCELLES;16
VILLEJUIF;AJACCIO;49
VITRY-SUR-SEINE;CHAMPIGNY-SUR-MARNE;13
VITRY-SUR-SEINE;IVRY-SUR-SEINE;3
VITRY-SUR-SEINE;MAISONS-ALFORT;3
VITRY-SUR-SEINE;CRETEIL;7
VITRY-SUR-SEINE;CERGY;40
VITRY-SUR-SEINE;ARGENTEUIL;20
VITRY-SUR-SEINE;SARCELLES;17
VITRY-SUR-SEINE;AJACCIO;48
CHAMPIGNY-SUR-MARNE;IVRY-SUR-SEINE;14
CHAMPIGNY-SUR-MARNE;MAISONS-ALFORT;9
CHAMPIGNY-SUR-MARNE;CRETEIL;6
CHAMPIGNY-SUR-MARNE;CERGY;52
CHAMPIGNY-SUR-MARNE;ARGENTEUIL;31
CHAMPIGNY-SUR-MARNE;SARCELLES;21
CHAMPIGNY-SUR-MARNE;AJACCIO;53
IVRY-SUR-SEINE;MAISONS-ALFORT;5
IVRY-SUR-SEINE;CRETEIL;9
IVRY-SUR-SEINE;CERGY;37
IVRY-SUR-SEINE;ARGENTEUIL;17
IVRY-SUR-SEINE;SARCELLES;14
IVRY-SUR-SEINE;AJACCIO;50
MAISONS-ALFORT;CRETEIL;3
MAISONS-ALFORT;CERGY;43
MAISONS-ALFORT;ARGENTEUIL;23
MAISONS-ALFORT;SARCELLES;17
MAISONS-ALFORT;AJACCIO;50
CRETEIL;CERGY;47
CRETEIL;ARGENTEUIL;27
CRETEIL;SARCELLES;20
CRETEIL;AJACCIO;49
CERGY;ARGENTEUIL;20
CERGY;SARCELLES;35
CERGY;AJACCIO;69
CERGY;MAMOUDZOU;79
ARGENTEUIL;SARCELLES;15
ARGENTEUIL;AJACCIO;61
ARGENTEUIL;MAMOUDZOU;96
SARCELLES;AJACCIO;65
AJACCIO;MAMOUDZOU;93
ABYMES;CAYENNE;85
FORT-DE-FRANCE;SAINT-DENIS;74
FORT-DE-FRANCE;MAMOUDZOU;51
CAYENNE;SAINT-ANDRE;72
CAYENNE;SAINT-PAUL;82
SAINT-ANDRE;SAINT-PAUL;22
SAINT-ANDRE;TAMPON;36
SAINT-LOUIS;SAINT-PIERRE;73
SAINT-PAUL;TAMPON;35
